Country,Career Satisfaction Level
United States,7.42962963
Germany,7.243697479
United Kingdom,7.032967033
India,6.450980392
Canada,7.289473684
Poland,6.851851852
France,7.222222222
Italy,6.681818182
Switzerland,7.565217391
Australia,6.85
Netherlands,7.238095238
Iran,7.352941176
Czech Republic,6.235294118
Spain,7.823529412
Russian Federation,7.533333333
Hungary,6.857142857
Austria,7.769230769
Belgium,8.5
Brazil,7.545454545
Sweden,7.181818182
Japan,4.363636364